cluster,n_spouse,n_child,n_parent,n_grandchild,n_other_rel,n_non_rel
1,0.37170958921851455,0.20199453709129422,0,0.018805630288926713,0.03810074578923395,0.10298266506580954
2,0.9381004360970533,2.246636841545927,0,0.02435145475800319,0.04061520216572618,0.03519965519554314
3,0.4900982516482556,1.3974670508084552,0.02504320269766469,2.579800729427259,0.37608987071447153,0.10858791083843604
4,0.24865729043666504,0.6352252019815346,0.009927319945436766,0.02421215998960327,0.07806226132724556,2.6336645786105652
5,0.5901347981915971,1.1485097147755916,1.1402012014211116,0.017763900918050718,0.17319088392203721,0.08886850509930071
6,0.39711362442052606,0.922298857802962,0.1724516322593944,0.06545330924845821,2.679351041995927,0.169023816064052
